{
    "right": {
        "fx": 1052.615478515625,
        "fy": 1052.615478515625,
        "cx": 978.0659790039062,
        "cy": 560.4575805664062,
        "disto": [
            0.0,
            0.0,
            0.0,
            0.0,
            0.0
        ],
        "width": 1920,
        "height": 1080
    },
    "left": {
        "fx": 1052.615478515625,
        "fy": 1052.615478515625,
        "cx": 978.0659790039062,
        "cy": 560.4575805664062,
        "disto": [
            0.0,
            0.0,
            0.0,
            0.0,
            0.0
        ],
        "width": 1920,
        "height": 1080
    }
}