{
    "right": {
        "fx": 1054.385986328125,
        "fy": 1054.385986328125,
        "cx": 949.4651489257812,
        "cy": 535.068603515625,
        "disto": [
            0.0,
            0.0,
            0.0,
            0.0,
            0.0
        ],
        "width": 1920,
        "height": 1080
    },
    "left": {
        "fx": 1054.385986328125,
        "fy": 1054.385986328125,
        "cx": 949.4651489257812,
        "cy": 535.068603515625,
        "disto": [
            0.0,
            0.0,
            0.0,
            0.0,
            0.0
        ],
        "width": 1920,
        "height": 1080
    }
}