{
    "right": {
        "fx": 1052.6094970703125,
        "fy": 1052.6094970703125,
        "cx": 978.059814453125,
        "cy": 560.4713134765625,
        "disto": [
            0.0,
            0.0,
            0.0,
            0.0,
            0.0
        ],
        "width": 1920,
        "height": 1080
    },
    "left": {
        "fx": 1052.6094970703125,
        "fy": 1052.6094970703125,
        "cx": 978.059814453125,
        "cy": 560.4713134765625,
        "disto": [
            0.0,
            0.0,
            0.0,
            0.0,
            0.0
        ],
        "width": 1920,
        "height": 1080
    }
}