{
    "right": {
        "fx": 1054.3206787109375,
        "fy": 1054.3206787109375,
        "cx": 949.4654541015625,
        "cy": 535.0682373046875,
        "disto": [
            0.0,
            0.0,
            0.0,
            0.0,
            0.0
        ],
        "width": 1920,
        "height": 1080
    },
    "left": {
        "fx": 1054.3206787109375,
        "fy": 1054.3206787109375,
        "cx": 949.4654541015625,
        "cy": 535.0682373046875,
        "disto": [
            0.0,
            0.0,
            0.0,
            0.0,
            0.0
        ],
        "width": 1920,
        "height": 1080
    }
}