{
    "node1": {
        "info_right": {
            "lt_mean": 39.35080858244,
            "lt_std": 2.3665934650247055e-07,
            "lt_count": 50,
            "ln_mean": -76.34492124552001,
            "ln_std": 4.4809901703618655e-07,
            "ln_count": 50,
            "al_mean": 9.429528000000001,
            "al_std": 0.06105450037466531,
            "al_count": 50,
            "ac_mean": 0.021139999999999996,
            "ac_std": 0.0024900602402351635,
            "ac_count": 50
        },
        "info_left": {
            "lt_mean": 39.35080402689655,
            "lt_std": 1.5446613364368767e-06,
            "lt_count": 29,
            "ln_mean": -76.34492669289656,
            "ln_std": 4.661107120589005e-07,
            "ln_count": 29,
            "al_mean": 9.247196551724137,
            "al_std": 0.039983086792901634,
            "al_count": 29,
            "ac_mean": 0.02827586206896552,
            "ac_std": 0.0027779495256721153,
            "ac_count": 29
        },
        "lt": 39.350806304668275,
        "ln": -76.34492396920828,
        "al": 9.33836227586207
    },
    "node2": {
        "info_right": {
            "lt_mean": 39.3509346511,
            "lt_std": 8.074410184228769e-08,
            "lt_count": 50,
            "ln_mean": -76.34493810778,
            "ln_std": 1.4758025388354387e-07,
            "ln_count": 50,
            "al_mean": 9.601679999999998,
            "al_std": 0.017949651807207832,
            "al_count": 50,
            "ac_mean": 0.014000000000000002,
            "ac_std": 1.734723475976807e-18,
            "ac_count": 50
        },
        "info_left": {
            "lt_mean": 39.35093860520001,
            "lt_std": 3.501028397140712e-08,
            "lt_count": 50,
            "ln_mean": -76.34493872304,
            "ln_std": 4.725799787630857e-08,
            "ln_count": 50,
            "al_mean": 9.338444,
            "al_std": 0.007481314323031725,
            "al_count": 50,
            "ac_mean": 0.014000000000000002,
            "ac_std": 1.734723475976807e-18,
            "ac_count": 50
        },
        "lt": 39.35093662815,
        "ln": -76.34493841541,
        "al": 9.470061999999999
    },
    "node3": {
        "info_right": {
            "lt_mean": 39.35101214418,
            "lt_std": 9.367810683754996e-08,
            "lt_count": 50,
            "ln_mean": -76.34486787238,
            "ln_std": 4.9981951992428374e-08,
            "ln_count": 50,
            "al_mean": 9.312508000000001,
            "al_std": 0.0074301235521355685,
            "al_count": 50,
            "ac_mean": 0.01506,
            "ac_std": 0.0013477388471065156,
            "ac_count": 50
        },
        "info_left": {
            "lt_mean": 39.35101329122,
            "lt_std": 7.642049166726143e-08,
            "lt_count": 50,
            "ln_mean": -76.34486403158,
            "ln_std": 3.839223399575289e-08,
            "ln_count": 50,
            "al_mean": 9.31638,
            "al_std": 0.006308787522178862,
            "al_count": 50,
            "ac_mean": 0.01486,
            "ac_std": 0.0008487638069569179,
            "ac_count": 50
        },
        "lt": 39.3510127177,
        "ln": -76.34486595198,
        "al": 9.314444000000002
    },
    "node4": {
        "info_right": {
            "lt_mean": 39.3511445462,
            "lt_std": 1.1124998877969117e-07,
            "lt_count": 50,
            "ln_mean": -76.34477178210001,
            "ln_std": 9.646115121192337e-07,
            "ln_count": 50,
            "al_mean": 9.333964,
            "al_std": 0.138178262776748,
            "al_count": 50,
            "ac_mean": 0.014000000000000002,
            "ac_std": 1.734723475976807e-18,
            "ac_count": 50
        },
        "info_left": {
            "lt_mean": 39.35114779589999,
            "lt_std": 3.099758056032534e-08,
            "lt_count": 50,
            "ln_mean": -76.34477130164001,
            "ln_std": 3.537047436126493e-08,
            "ln_count": 50,
            "al_mean": 9.223262,
            "al_std": 0.00527495554483634,
            "al_count": 50,
            "ac_mean": 0.014000000000000002,
            "ac_std": 1.734723475976807e-18,
            "ac_count": 50
        },
        "lt": 39.35114617104999,
        "ln": -76.34477154187002,
        "al": 9.278613
    },
    "node5": {
        "info_right": {
            "lt_mean": 39.350901338860005,
            "lt_std": 5.405515996469473e-08,
            "lt_count": 50,
            "ln_mean": -76.34466067246001,
            "ln_std": 5.775576559943151e-08,
            "ln_count": 50,
            "al_mean": 9.285706,
            "al_std": 0.008235008439582811,
            "al_count": 50,
            "ac_mean": 0.01428,
            "ac_std": 0.00049152822909778,
            "ac_count": 50
        },
        "info_left": {
            "lt_mean": 39.35090206848,
            "lt_std": 5.308304442235129e-08,
            "lt_count": 50,
            "ln_mean": -76.34465668922,
            "ln_std": 3.0211448705166405e-08,
            "ln_count": 50,
            "al_mean": 9.284965999999999,
            "al_std": 0.006345537329493854,
            "al_count": 50,
            "ac_mean": 0.014079999999999999,
            "ac_std": 0.0004400000000000002,
            "ac_count": 50
        },
        "lt": 39.350901703670004,
        "ln": -76.34465868084001,
        "al": 9.285336
    },
    "node6": {
        "info_right": {
            "lt_mean": NaN,
            "lt_std": NaN,
            "lt_count": 0,
            "ln_mean": NaN,
            "ln_std": NaN,
            "ln_count": 0,
            "al_mean": NaN,
            "al_std": NaN,
            "al_count": 0,
            "ac_mean": NaN,
            "ac_std": NaN,
            "ac_count": 0
        },
        "info_left": {
            "lt_mean": 39.35113808296,
            "lt_std": 1.33538153389794e-07,
            "lt_count": 50,
            "ln_mean": -76.34451156931999,
            "ln_std": 3.4947641133886525e-08,
            "ln_count": 50,
            "al_mean": 9.151024000000001,
            "al_std": 0.013338703985020446,
            "al_count": 50,
            "ac_mean": 0.014040000000000002,
            "ac_std": 0.0001959591794226541,
            "ac_count": 50
        },
        "lt": 39.35113808296,
        "ln": -76.34451156931999,
        "al": 9.151024000000001
    },
    "node7": {
        "info_right": {
            "lt_mean": 39.35099051952,
            "lt_std": 5.561591168956305e-08,
            "lt_count": 50,
            "ln_mean": -76.34507080262,
            "ln_std": 2.906743173272453e-08,
            "ln_count": 50,
            "al_mean": 9.195726,
            "al_std": 0.011027961008273503,
            "al_count": 50,
            "ac_mean": 0.014000000000000002,
            "ac_std": 1.734723475976807e-18,
            "ac_count": 50
        },
        "info_left": {
            "lt_mean": 39.35099067632,
            "lt_std": 4.8716091916608224e-08,
            "lt_count": 50,
            "ln_mean": -76.34506661214,
            "ln_std": 2.5806207749528337e-08,
            "ln_count": 50,
            "al_mean": 9.22335,
            "al_std": 0.007527449767351542,
            "al_count": 50,
            "ac_mean": 0.014140000000000002,
            "ac_std": 0.0003469870314579492,
            "ac_count": 50
        },
        "lt": 39.35099059792,
        "ln": -76.34506870738,
        "al": 9.209538
    },
    "node8": {
        "info_right": {
            "lt_mean": 39.35086844752,
            "lt_std": 7.142807305606734e-08,
            "lt_count": 50,
            "ln_mean": -76.345063875,
            "ln_std": 2.5054341261596547e-08,
            "ln_count": 50,
            "al_mean": 11.008922,
            "al_std": 0.014862681992157473,
            "al_count": 50,
            "ac_mean": 0.014000000000000002,
            "ac_std": 1.734723475976807e-18,
            "ac_count": 50
        },