{
    "right": {
        "fx": 1060.5811767578125,
        "fy": 1060.5811767578125,
        "cx": 980.3623046875,
        "cy": 552.968505859375,
        "disto": [
            0.0,
            0.0,
            0.0,
            0.0,
            0.0
        ],
        "width": 1920,
        "height": 1080
    },
    "left": {
        "fx": 1060.5811767578125,
        "fy": 1060.5811767578125,
        "cx": 980.3623046875,
        "cy": 552.968505859375,
        "disto": [
            0.0,
            0.0,
            0.0,
            0.0,
            0.0
        ],
        "width": 1920,
        "height": 1080
    }
}