{
    "right": {
        "fx": 1056.8515625,
        "fy": 1056.8515625,
        "cx": 995.416015625,
        "cy": 537.712646484375,
        "disto": [
            0.0,
            0.0,
            0.0,
            0.0,
            0.0
        ],
        "width": 1920,
        "height": 1080
    },
    "left": {
        "fx": 1056.8515625,
        "fy": 1056.8515625,
        "cx": 995.416015625,
        "cy": 537.712646484375,
        "disto": [
            0.0,
            0.0,
            0.0,
            0.0,
            0.0
        ],
        "width": 1920,
        "height": 1080
    }
}