{
    "right": {
        "fx": 1056.80908203125,
        "fy": 1056.80908203125,
        "cx": 995.4158935546875,
        "cy": 537.71240234375,
        "disto": [
            0.0,
            0.0,
            0.0,
            0.0,
            0.0
        ],
        "width": 1920,
        "height": 1080
    },
    "left": {
        "fx": 1056.80908203125,
        "fy": 1056.80908203125,
        "cx": 995.4158935546875,
        "cy": 537.71240234375,
        "disto": [
            0.0,
            0.0,
            0.0,
            0.0,
            0.0
        ],
        "width": 1920,
        "height": 1080
    }
}