{
    "right": {
        "fx": 1054.3521728515625,
        "fy": 1054.3521728515625,
        "cx": 949.4652099609375,
        "cy": 535.0685424804688,
        "disto": [
            0.0,
            0.0,
            0.0,
            0.0,
            0.0
        ],
        "width": 1920,
        "height": 1080
    },
    "left": {
        "fx": 1054.3521728515625,
        "fy": 1054.3521728515625,
        "cx": 949.4652099609375,
        "cy": 535.0685424804688,
        "disto": [
            0.0,
            0.0,
            0.0,
            0.0,
            0.0
        ],
        "width": 1920,
        "height": 1080
    }
}