{
    "right": {
        "fx": 1060.4901123046875,
        "fy": 1060.4901123046875,
        "cx": 974.0767211914062,
        "cy": 538.434326171875,
        "disto": [
            0.0,
            0.0,
            0.0,
            0.0,
            0.0
        ],
        "width": 1920,
        "height": 1080
    },
    "left": {
        "fx": 1060.4901123046875,
        "fy": 1060.4901123046875,
        "cx": 974.0767211914062,
        "cy": 538.434326171875,
        "disto": [
            0.0,
            0.0,
            0.0,
            0.0,
            0.0
        ],
        "width": 1920,
        "height": 1080
    }
}