{
    "right": {
        "fx": 1060.4794921875,
        "fy": 1060.4794921875,
        "cx": 974.07666015625,
        "cy": 538.4342651367188,
        "disto": [
            0.0,
            0.0,
            0.0,
            0.0,
            0.0
        ],
        "width": 1920,
        "height": 1080
    },
    "left": {
        "fx": 1060.4794921875,
        "fy": 1060.4794921875,
        "cx": 974.07666015625,
        "cy": 538.4342651367188,
        "disto": [
            0.0,
            0.0,
            0.0,
            0.0,
            0.0
        ],
        "width": 1920,
        "height": 1080
    }
}