{
    "right": {
        "fx": 1065.434814453125,
        "fy": 1065.434814453125,
        "cx": 962.0828247070312,
        "cy": 545.3262939453125,
        "disto": [
            0.0,
            0.0,
            0.0,
            0.0,
            0.0
        ],
        "width": 1920,
        "height": 1080
    },
    "left": {
        "fx": 1065.434814453125,
        "fy": 1065.434814453125,
        "cx": 962.0828247070312,
        "cy": 545.3262939453125,
        "disto": [
            0.0,
            0.0,
            0.0,
            0.0,
            0.0
        ],
        "width": 1920,
        "height": 1080
    }
}