{
    "right": {
        "fx": 1052.60986328125,
        "fy": 1052.60986328125,
        "cx": 978.0606689453125,
        "cy": 560.4697265625,
        "disto": [
            0.0,
            0.0,
            0.0,
            0.0,
            0.0
        ],
        "width": 1920,
        "height": 1080
    },
    "left": {
        "fx": 1052.60986328125,
        "fy": 1052.60986328125,
        "cx": 978.0606689453125,
        "cy": 560.4697265625,
        "disto": [
            0.0,
            0.0,
            0.0,
            0.0,
            0.0
        ],
        "width": 1920,
        "height": 1080
    }
}